frame.number,frame.time_relative,_ws.col.protocol,ip.src,ip.dst,udp.dstport,vxlan.vni,arp.src.proto_ipv4,arp.dst.proto_ipv4,icmp.type
7,23.416938000,IGMPv2,20.0.0.254,224.0.0.1,,,,,
9,32.105800000,IGMPv2,20.0.0.254,224.0.1.40,,,,,
10,35.757482000,IGMPv2,20.0.0.1,239.1.1.6,,,,,
11,35.757482000,IGMPv2,20.0.0.1,239.1.1.3,,,,,
12,35.757982000,ICMPv6,20.0.0.1,239.1.1.6,4789,66,,,
13,35.757982000,ICMPv6,20.0.0.1,239.1.1.3,4789,33,,,
14,35.904961000,ICMPv6,20.0.0.1,239.1.1.3,4789,33,,,
15,35.985406000,ICMPv6,20.0.0.1,239.1.1.6,4789,66,,,
16,36.564806000,ICMPv6,20.0.0.1,239.1.1.3,4789,33,,,
17,36.792722000,ICMPv6,20.0.0.1,239.1.1.6,4789,66,,,
18,36.922681000,ICMPv6,20.0.0.1,239.1.1.3,4789,33,,,
19,36.922681000,ICMPv6,20.0.0.1,239.1.1.3,4789,33,,,
20,37.013320000,ICMPv6,20.0.0.1,239.1.1.6,4789,66,,,
21,37.013821000,ICMPv6,20.0.0.1,239.1.1.6,4789,66,,,
22,37.052488000,ICMPv6,20.0.0.1,239.1.1.6,4789,66,,,
23,37.108570000,IGMPv2,20.0.0.1,239.1.1.3,,,,,
24,37.620550000,ICMPv6,20.0.0.1,239.1.1.3,4789,33,,,
25,39.333850000,IGMPv2,20.0.0.2,239.1.1.6,,,,,
26,39.333850000,IGMPv2,20.0.0.2,239.1.1.3,,,,,
27,39.335471000,ICMPv6,20.0.0.2,239.1.1.6,4789,66,,,
28,39.338706000,ICMPv6,20.0.0.2,239.1.1.3,4789,33,,,
29,39.489761000,ICMPv6,20.0.0.2,239.1.1.3,4789,33,,,
30,39.629039000,ICMPv6,20.0.0.2,239.1.1.6,4789,66,,,
31,39.693407000,ICMPv6,20.0.0.2,239.1.1.3,4789,33,,,
32,39.885326000,ICMPv6,20.0.0.2,239.1.1.6,4789,66,,,
33,40.493716000,ICMPv6,20.0.0.2,239.1.1.3,4789,33,,,
34,40.493716000,ICMPv6,20.0.0.2,239.1.1.3,4789,33,,,
35,40.631414000,ICMPv6,20.0.0.1,239.1.1.3,4789,33,,,
36,40.669624000,ICMPv6,20.0.0.2,239.1.1.3,4789,33,,,
37,40.909312000,ICMPv6,20.0.0.2,239.1.1.6,4789,66,,,
38,40.909312000,ICMPv6,20.0.0.2,239.1.1.6,4789,66,,,
39,41.262432000,ICMPv6,20.0.0.2,239.1.1.6,4789,66,,,
40,41.410892000,ICMPv6,20.0.0.1,239.1.1.6,4789,66,,,
41,42.676254000,ICMPv6,21.0.0.1,239.1.1.3,4789,33,,,
42,42.836954000,IGMPv2,20.0.0.2,239.1.1.3,,,,,
43,43.390714000,ICMPv6,21.0.0.1,239.1.1.3,4789,33,,,
44,43.622803000,ICMPv6,21.0.0.1,239.1.1.3,4789,33,,,
45,44.119231000,IGMPv2,20.0.0.2,239.1.1.6,,,,,
46,44.368551000,ICMPv6,20.0.0.2,239.1.1.3,4789,33,,,
47,44.653505000,ICMPv6,21.0.0.1,239.1.1.3,4789,33,,,
48,44.664904000,ICMPv6,21.0.0.1,239.1.1.3,4789,33,,,
49,44.878164000,ICMPv6,20.0.0.2,239.1.1.6,4789,66,,,
50,45.641795000,ICMPv6,21.0.0.1,239.1.1.3,4789,33,,,
52,48.565498000,ICMPv6,20.0.0.1,239.1.1.3,4789,33,,,
53,49.258234000,ICMPv6,21.0.0.1,239.1.1.3,4789,33,,,
54,49.513816000,ARP,20.0.0.1,239.1.1.3,4789,33,10.0.0.1,10.0.0.2,
55,50.103498000,ICMPv6,20.0.0.1,239.1.1.6,4789,66,,,
56,51.792827000,ICMPv6,20.0.0.2,239.1.1.3,4789,33,,,
57,51.891657000,ARP,20.0.0.1,239.1.1.3,4789,33,10.0.0.1,10.0.0.3,
58,51.893686000,ARP,20.0.0.2,20.0.0.1,4789,33,10.0.0.3,10.0.0.1,
59,51.895259000,ICMP,20.0.0.1\,10.0.0.1,20.0.0.2\,10.0.0.3,4789,33,,,8
60,51.896789000,ICMP,20.0.0.2\,10.0.0.3,20.0.0.1\,10.0.0.1,4789,33,,,0
61,52.814156000,ICMPv6,20.0.0.2,239.1.1.6,4789,66,,,
62,52.895736000,ICMP,20.0.0.1\,10.0.0.1,20.0.0.2\,10.0.0.3,4789,33,,,8
63,52.903325000,ICMP,20.0.0.2\,10.0.0.3,20.0.0.1\,10.0.0.1,4789,33,,,0
64,53.895606000,ICMP,20.0.0.1\,10.0.0.1,20.0.0.2\,10.0.0.3,4789,33,,,8
65,53.896713000,ICMP,20.0.0.2\,10.0.0.3,20.0.0.1\,10.0.0.1,4789,33,,,0
66,54.037443000,ARP,20.0.0.1,239.1.1.3,4789,33,10.0.0.2,10.0.0.6,
67,54.057634000,ARP,21.0.0.1,20.0.0.1,4789,33,10.0.0.6,10.0.0.2,
68,54.058669000,ICMP,20.0.0.1\,10.0.0.2,21.0.0.1\,10.0.0.6,4789,33,,,8
69,54.079974000,ICMP,21.0.0.1\,10.0.0.6,20.0.0.1\,10.0.0.2,4789,33,,,0
70,55.041736000,ICMP,20.0.0.1\,10.0.0.2,21.0.0.1\,10.0.0.6,4789,33,,,8
71,55.059999000,ICMP,21.0.0.1\,10.0.0.6,20.0.0.1\,10.0.0.2,4789,33,,,0
72,56.044833000,ICMP,20.0.0.1\,10.0.0.2,21.0.0.1\,10.0.0.6,4789,33,,,8
73,56.058357000,ICMP,21.0.0.1\,10.0.0.6,20.0.0.1\,10.0.0.2,4789,33,,,0
74,56.177654000,ARP,20.0.0.1,239.1.1.6,4789,66,11.0.0.1,11.0.0.3,
75,56.183085000,ARP,20.0.0.2,20.0.0.1,4789,66,11.0.0.3,11.0.0.1,
76,56.186250000,ICMP,20.0.0.1\,11.0.0.1,20.0.0.2\,11.0.0.3,4789,66,,,8
77,56.188009000,ICMP,20.0.0.2\,11.0.0.3,20.0.0.1\,11.0.0.1,4789,66,,,0
78,56.910627000,ARP,20.0.0.2,20.0.0.1,4789,33,10.0.0.3,10.0.0.1,
79,56.910627000,ARP,,,,,20.0.0.2,20.0.0.1,
80,56.911647000,ARP,,,,,20.0.0.1,20.0.0.2,
81,56.911647000,ARP,20.0.0.1,20.0.0.2,4789,33,10.0.0.1,10.0.0.3,
82,57.016695000,ARP,,,,,20.0.0.1,20.0.0.2,
83,57.017713000,ARP,,,,,20.0.0.2,20.0.0.1,
84,57.179556000,ICMP,20.0.0.1\,11.0.0.1,20.0.0.2\,11.0.0.3,4789,66,,,8
85,57.180579000,ICMP,20.0.0.2\,11.0.0.3,20.0.0.1\,11.0.0.1,4789,66,,,0
86,57.957220000,ICMPv6,21.0.0.1,239.1.1.3,4789,33,,,
87,58.181006000,ICMP,20.0.0.1\,11.0.0.1,20.0.0.2\,11.0.0.3,4789,66,,,8
88,58.183274000,ICMP,20.0.0.2\,11.0.0.3,20.0.0.1\,11.0.0.1,4789,66,,,0
89,59.062192000,ARP,,,,,20.0.0.1,20.0.0.254,
90,59.062692000,ARP,,,,,20.0.0.254,20.0.0.1,
91,59.236371000,ARP,21.0.0.1,20.0.0.1,4789,33,10.0.0.6,10.0.0.2,
92,59.236882000,ARP,20.0.0.1,21.0.0.1,4789,33,10.0.0.2,10.0.0.6,
93,61.262330000,ARP,20.0.0.2,20.0.0.1,4789,66,11.0.0.3,11.0.0.1,
94,61.262946000,ARP,20.0.0.1,20.0.0.2,4789,66,11.0.0.1,11.0.0.3,
95,64.695463000,ICMPv6,20.0.0.1,239.1.1.3,4789,33,,,
97,65.878591000,ICMPv6,20.0.0.2,239.1.1.3,4789,33,,,
98,67.927493000,ICMPv6,20.0.0.2,239.1.1.6,4789,66,,,
99,68.278729000,ICMPv6,20.0.0.1,239.1.1.6,4789,66,,,
100,74.599153000,ICMPv6,21.0.0.1,239.1.1.3,4789,33,,,
103,87.104657000,IGMPv2,20.0.0.254,224.0.0.1,,,,,
104,89.683617000,IGMPv2,20.0.0.2,239.1.1.3,,,,,
105,91.320802000,IGMPv2,20.0.0.1,239.1.1.6,,,,,
106,93.332638000,IGMPv2,20.0.0.254,224.0.1.40,,,,,
107,96.081716000,ICMPv6,20.0.0.2,239.1.1.3,4789,33,,,
